{
  "hash": "6f526497",
  "configHash": "5d596a2e",
  "lockfileHash": "b46683a5",
  "browserHash": "336969c7",
  "optimized": {
    "@angular/common/http": {
      "src": "../../../../../../node_modules/@angular/common/fesm2022/http.mjs",
      "file": "@angular_common_http.js",
      "fileHash": "70455f72",
      "needsInterop": false
    },
    "@angular/core": {
      "src": "../../../../../../node_modules/@angular/core/fesm2022/core.mjs",
      "file": "@angular_core.js",
      "fileHash": "01ad693e",
      "needsInterop": false
    },
    "@angular/material/button": {
      "src": "../../../../../../node_modules/@angular/material/fesm2022/button.mjs",
      "file": "@angular_material_button.js",
      "fileHash": "bfc13492",
      "needsInterop": false
    },
    "@angular/material/button-toggle": {
      "src": "../../../../../../node_modules/@angular/material/fesm2022/button-toggle.mjs",
      "file": "@angular_material_button-toggle.js",
      "fileHash": "0fbec284",
      "needsInterop": false
    },
    "@angular/material/toolbar": {
      "src": "../../../../../../node_modules/@angular/material/fesm2022/toolbar.mjs",
      "file": "@angular_material_toolbar.js",
      "fileHash": "b98e380a",
      "needsInterop": false
    },
    "@angular/platform-browser": {
      "src": "../../../../../../node_modules/@angular/platform-browser/fesm2022/platform-browser.mjs",
      "file": "@angular_platform-browser.js",
      "fileHash": "f352bfa1",
      "needsInterop": false
    },
    "@angular/router": {
      "src": "../../../../../../node_modules/@angular/router/fesm2022/router.mjs",
      "file": "@angular_router.js",
      "fileHash": "b3886045",
      "needsInterop": false
    },
    "@ngx-translate/core": {
      "src": "../../../../../../node_modules/@ngx-translate/core/fesm2022/ngx-translate-core.mjs",
      "file": "@ngx-translate_core.js",
      "fileHash": "47bdeb6b",
      "needsInterop": false
    },
    "@ngx-translate/http-loader": {
      "src": "../../../../../../node_modules/@ngx-translate/http-loader/fesm2022/ngx-translate-http-loader.mjs",
      "file": "@ngx-translate_http-loader.js",
      "fileHash": "424a155d",
      "needsInterop": false
    }
  },
  "chunks": {
    "chunk-VDDU6RHW": {
      "file": "chunk-VDDU6RHW.js"
    },
    "chunk-LBDP5KT3": {
      "file": "chunk-LBDP5KT3.js"
    },
    "chunk-MEIUCO5T": {
      "file": "chunk-MEIUCO5T.js"
    },
    "chunk-7EZ2OZEF": {
      "file": "chunk-7EZ2OZEF.js"
    },
    "chunk-YQRA7TZQ": {
      "file": "chunk-YQRA7TZQ.js"
    },
    "chunk-QIH6RQH4": {
      "file": "chunk-QIH6RQH4.js"
    },
    "chunk-GGSI5FMH": {
      "file": "chunk-GGSI5FMH.js"
    }
  }
}